Pressure_CH4 (bar),Uptake_CH4 (mol/kg),Pressure_H2 (bar),Uptake_H2 (mol/kg),Pressure_CO2 (bar),Uptake_CO2 (mol/kg)
0.00592,0.004,0.00693,0,0.00567,0.529
0.0584,0.039,0.07667,0.002,0.00777,0.787
0.1125,0.074,0.1443,0.003,0.01015,1.048
0.1646,0.108,0.2096,0.004,0.01347,1.304
0.2151,0.14,0.2749,0.006,0.01809,1.558
0.2673,0.172,0.338,0.007,0.02465,1.807
0.3165,0.203,0.4007,0.009,0.03343,2.056
0.3664,0.233,0.4601,0.01,0.04402,2.299
0.4134,0.261,0.5215,0.011,0.05701,2.539
0.4637,0.291,0.5792,0.012,0.07332,2.774
0.5134,0.32,0.6361,0.014,0.09369,2.999
0.5608,0.348,0.6864,0.015,0.1195,3.216
0.607,0.374,0.7427,0.016,0.1512,3.417
0.6537,0.4,0.7897,0.017,0.1911,3.607
0.701,0.427,0.8358,0.018,0.239,3.778
0.7441,0.45,0.8806,0.019,0.2947,3.928
0.79,0.475,0.9262,0.02,0.3599,4.064
0.8334,0.499,0.9665,0.02,0.4323,4.182
0.8766,0.522,0.9929,0.021,0.5112,4.286
0.9198,0.545,1.022,0.022,0.5971,4.378
0.9546,0.562,1.361,0.029,0.6849,4.458
0.9875,0.58,1.701,0.037,0.7779,4.529
1.022,0.599,2.043,0.044,0.8733,4.592
1.323,0.745,2.38,0.052,0.9657,4.639
1.621,0.881,2.721,0.059,1.054,4.686
1.916,1.007,3.062,0.066,1.33,4.802
2.21,1.122,3.402,0.074,1.652,4.905
2.499,1.231,3.742,0.082,1.967,4.985
2.786,1.328,4.081,0.089,1.967,4.985
3.07,1.419,4.421,0.095,2.273,5.047
3.349,1.504,4.761,0.102,2.584,5.106
3.644,1.588,5.102,0.109,2.899,5.156
3.946,1.668,5.441,0.116,3.218,5.2
4.249,1.744,5.783,0.124,3.538,5.24
4.557,1.819,6.123,0.132,3.863,5.275
4.865,1.888,6.463,0.139,4.187,5.308
5.175,1.953,6.803,0.145,4.516,5.338
5.49,2.015,7.143,0.152,4.842,5.364
5.805,2.077,7.482,0.16,5.17,5.389
6.122,2.135,7.825,0.167,5.5,5.411
6.44,2.19,8.165,0.174,5.832,5.432
6.759,2.243,8.505,0.181,6.163,5.457
7.082,2.292,8.845,0.187,6.498,5.474
7.405,2.344,9.185,0.194,6.83,5.495
7.728,2.399,9.523,0.201,7.165,5.512
8.058,2.441,9.862,0.209,7.499,5.525
8.387,2.484,10.2,0.216,7.835,5.538
8.716,2.527,,,8.171,5.55
9.045,2.568,,,8.505,5.561
9.377,2.608,,,8.843,5.571
9.708,2.647,,,9.181,5.582
10.04,2.695,,,9.519,5.592
,,,,9.854,5.604
,,,,10.19,5.613
